<?xml version="1.0" encoding="UTF-8"?>
<project-private xmlns="http://www.netbeans.org/ns/project-private/1">
    <editor-bookmarks xmlns="http://www.netbeans.org/ns/editor-bookmarks/2" lastBookmarkId="0"/>
    <open-files xmlns="http://www.netbeans.org/ns/projectui-open-files/2">
        <group>
            <file>file:/C:/wamp/www/biblioteca5/painel/.htaccess</file>
            <file>file:/C:/wamp/www/biblioteca5/controllers/homeController.php</file>
            <file>file:/C:/wamp/www/biblioteca5/views/login.php</file>
            <file>file:/C:/wamp/www/biblioteca5/controllers/loginController.php</file>
            <file>file:/C:/wamp/www/biblioteca5/views/artigoslivros.php</file>
            <file>file:/C:/wamp/www/biblioteca5/controllers/revistasController.php</file>
            <file>file:/C:/wamp/www/biblioteca5/models/usuario.php</file>
            <file>file:/C:/wamp/www/biblioteca5/controllers/bibliografiaController.php</file>
            <file>file:/C:/wamp/www/biblioteca5/controllers/VoicesController.php</file>
            <file>file:/C:/wamp/www/biblioteca5/controllers/naoencontradoController.php</file>
            <file>file:/C:/wamp/www/biblioteca5/controllers/artigoslivrosController.php</file>
            <file>file:/C:/wamp/www/biblioteca5/assets/css/style.css</file>
        </group>
    </open-files>
</project-private>
